[
    {
        "section_name": "Home - Header",
        "section_slug": "homepage-header",
        "unique_section_slug": "homepage-header",
        "section_enable": "on",
        "array_type": "inner-list",
        "loop_number": "1",
        "inner-list": [
            {
                "field_name": "Background image",
                "field_slug": "homepage-header-bg-img",
                "field_help_text": "please upload image from here ",
                "field_default_text": "themes/bakestore/assets/img/chocolate-home.png",
                "field_type": "photo upload"
            },
            {
                "field_name": "Heading",
                "field_slug": "homepage-header-heading",
                "field_help_text": "Please add Heading text here",
                "field_default_text": "bakery",
                "field_type": "text"
            },
            {
                "field_name": "Title Text",
                "field_slug": "homepage-header-title-text",
                "field_help_text": "Please add title text here",
                "field_default_text": "Immerse yourself in the chocolate flavor ",
                "field_type": "text"
            },
            {
                "field_name": "Sub Text",
                "field_slug": "homepage-header-sub-text",
                "field_help_text": "Please add sub text here",
                "field_default_text": "Lorem Ipsum is simply dummy text of the printing and typesetting industry.",
                "field_type": "text area"
            },
            {
                "field_name": "Button",
                "field_slug": "homepage-header",
                "field_help_text": "Please add button text here",
                "field_default_text": "Check more products",
                "field_type": "button"
            }
        ]
    },
    {
        "section_name": "Home - Slider",
        "section_slug": "homepage-slider",
        "unique_section_slug": "homepage-slider",
        "section_enable": "on",
        "array_type": "multi-inner-list",
        "loop_number": "1",
        "inner-list": [
            {
                "field_name": "Background image",
                "field_slug": "homepage-slider-bg-img",
                "field_help_text": "please upload image from here ",
                "field_default_text": "themes/bakestore/assets/img/chocolate-slider.png",
                "field_type": "photo upload"
            },
            {
                "field_name": "Heading",
                "field_slug": "homepage-slider-heading",
                "field_help_text": "Please add heading text here",
                "field_default_text": "bakery",
                "field_type": "text"
            },
            {
                "field_name": "Title Text",
                "field_slug": "homepage-slider-title-text",
                "field_help_text": "Please add title text here",
                "field_default_text": "Immerse yourself in the chocolate flavor ",
                "field_type": "text"
            },
            {
                "field_name": "Sub Text",
                "field_slug": "homepage-slider-sub-text",
                "field_help_text": "Please add sub text here",
                "field_default_text": "Lorem Ipsum is simply dummy text of the printing and typesetting industry. ",
                "field_type": "text area"
            }
        ]
    },

    {
        "section_name": "Home - Products",
        "section_slug": "homepage-products",
        "unique_section_slug": "homepage-products",
        "section_enable": "on",
        "array_type": "inner-list",
        "loop_number": "1",
        "inner-list": [
            {
                "field_name": "Title Text",
                "field_slug": "homepage-products-title-text",
                "field_help_text": "Please add title text here",
                "field_default_text": "Immerse yourself in the chocolate flavor ",
                "field_type": "text"
            }
        ]
    },
    {
        "section_name": "Home - Banner",
        "section_slug": "homepage-banner",
        "unique_section_slug": "homepage-banner",
        "section_enable": "on",
        "array_type": "inner-list",
        "loop_number": "1",
        "inner-list": [
            {
                "field_name": "Background image",
                "field_slug": "homepage-banner-bg-img",
                "field_help_text": "Please upload image from here",
                "field_default_text": "themes/bakestore/assets/img/chocolate-banner.png",
                "field_type": "photo upload"
            },
            {
                "field_name": "Heading",
                "field_slug": "homepage-banner-heading",
                "field_help_text": "Please add title text here",
                "field_default_text": "Chocolaterie",
                "field_type": "text"
            },
            {
                "field_name": "Title Text",
                "field_slug": "homepage-banner-title-text",
                "field_help_text": "Please add title text here",
                "field_default_text": "Immerse yourself in the chocolate flavor ",
                "field_type": "text"
            },
            {
                "field_name": "Sub Text",
                "field_slug": "homepage-banner-sub-text",
                "field_help_text": "Please add sub text here",
                "field_default_text": "Lorem Ipsum is simply dummy text of the printing and typesetting industry.",
                "field_type": "text area"
            },
            {
                "field_name": "Vedio url",
                "field_slug": "homepage-banner-vedio-url",
                "field_help_text": "Please add your vedio url here",
                "field_default_text": "https://twitter.com/",
                "field_type": "text"
            }
        ]
    },
    {
        "section_name": "Home - Bestseller",
        "section_slug": "homepage-bestseller",
        "unique_section_slug": "homepage-bestseller",
        "section_enable": "on",
        "array_type": "inner-list",
        "loop_number": "1",
        "inner-list": [
            {
                "field_name": "Heading",
                "field_slug": "homepage-bestseller-heading",
                "field_help_text": "Please add heading text  here",
                "field_default_text": "Bestsellers",
                "field_type": "text"
            }
        ]
    },
    {
        "section_name": "Home - Newsletter",
        "section_slug": "homepage-newsletter",
        "unique_section_slug": "homepage-newsletter",
        "section_enable": "on",
        "array_type": "inner-list",
        "loop_number": "1",
        "inner-list": [
            {
                "field_name": "Title Text",
                "field_slug": "homepage-newsletter-title-text",
                "field_help_text": "Please add title text  here",
                "field_default_text": "Subscribe newsletter and get -20% off",
                "field_type": "text"
            },
            {
                "field_name": "Sub Text",
                "field_slug": "homepage-newsletter-sub-text",
                "field_help_text": "Please add sub text here",
                "field_default_text": "Lorem Ipsum is simply dummy text of the printing and typesetting industry.",
                "field_type": "text area"
            },
            {
                "field_name": "Description",
                "field_slug": "homepage-newsletter-description",
                "field_help_text": "Please add description text here",
                "field_default_text": "Lorem Ipsum is simply dummy text of the printing and typesetting industry.",
                "field_type": "text area"
            }
        ]
    }
]
